-- phpMyAdmin SQL Dump
-- version 5.1.0
-- https://www.phpmyadmin.net/
--
-- Host: 127.0.0.1
-- Generation Time: Aug 05, 2021 at 12:03 PM
-- Server version: 10.4.19-MariaDB
-- PHP Version: 8.0.6

SET SQL_MODE = "NO_AUTO_VALUE_ON_ZERO";
START TRANSACTION;
SET time_zone = "+00:00";


/*!40101 SET @OLD_CHARACTER_SET_CLIENT=@@CHARACTER_SET_CLIENT */;
/*!40101 SET @OLD_CHARACTER_SET_RESULTS=@@CHARACTER_SET_RESULTS */;
/*!40101 SET @OLD_COLLATION_CONNECTION=@@COLLATION_CONNECTION */;
/*!40101 SET NAMES utf8mb4 */;

--
-- Database: `gerigi`
--

--
-- Dumping data for table `link`
--

INSERT INTO `link` (`id`, `id_kls_bsr`, `dateUse`, `dateCreate`, `link_zoom`, `link_presensi`) VALUES
(1, 1, '2021-08-14', '2021-08-05', 'https://zoom1', 'https://absensi1'),
(2, 2, '2021-08-14', '2021-08-05', 'https://zoom2', 'https://absensi2'),
(3, 3, '2021-08-14', '2021-08-05', 'https://zoom3', 'https://absensi3'),
(4, 4, '2021-08-14', '2021-08-05', 'https://zoom4', 'https://absensi4'),
(5, 5, '2021-08-14', '2021-08-05', 'https://zoom5', 'https://absensi5'),
(6, 6, '2021-08-14', '2021-08-05', 'https://zoom6', 'https://absensi6'),
(7, 7, '2021-08-14', '2021-08-05', 'https://zoom7', 'https://absensi7'),
(8, 8, '2021-08-14', '2021-08-05', 'https://zoom8', 'https://absensi8'),
(9, 9, '2021-08-14', '2021-08-05', 'https://zoom9', 'https://absensi9'),
(10, 10, '2021-08-14', '2021-08-05', 'https://zoom10', 'https://absensi10'),
(11, 11, '2021-08-14', '2021-08-05', 'https://zoom11', 'https://absensi11'),
(12, 12, '2021-08-14', '2021-08-05', 'https://zoom12', 'https://absensi12'),
(13, 13, '2021-08-14', '2021-08-05', 'https://zoom13', 'https://absensi13'),
(14, 14, '2021-08-14', '2021-08-05', 'https://zoom14', 'https://absensi14'),
(15, 15, '2021-08-14', '2021-08-05', 'https://zoom15', 'https://absensi15'),
(16, 16, '2021-08-14', '2021-08-05', 'https://zoom16', 'https://absensi16'),
(17, 17, '2021-08-14', '2021-08-05', 'https://zoom17', 'https://absensi17'),
(18, 18, '2021-08-14', '2021-08-05', 'https://zoom18', 'https://absensi18'),
(19, 19, '2021-08-14', '2021-08-05', 'https://zoom19', 'https://absensi19'),
(20, 20, '2021-08-14', '2021-08-05', 'https://zoom20', 'https://absensi20'),
(21, 21, '2021-08-14', '2021-08-05', 'https://zoom21', 'https://absensi21'),
(22, 22, '2021-08-14', '2021-08-05', 'https://zoom22', 'https://absensi22'),
(23, 23, '2021-08-14', '2021-08-05', 'https://zoom23', 'https://absensi23'),
(24, 24, '2021-08-14', '2021-08-05', 'https://zoom24', 'https://absensi24'),
(25, 25, '2021-08-14', '2021-08-05', 'https://zoom25', 'https://absensi25'),
(26, 26, '2021-08-14', '2021-08-05', 'https://zoom26', 'https://absensi26'),
(27, 27, '2021-08-14', '2021-08-05', 'https://zoom27', 'https://absensi27'),
(28, 1, '2021-08-15', '2021-08-05', 'https://zoom1', 'https://absensi1'),
(29, 2, '2021-08-15', '2021-08-05', 'https://zoom2', 'https://absensi2'),
(30, 3, '2021-08-15', '2021-08-05', 'https://zoom3', 'https://absensi3'),
(31, 4, '2021-08-15', '2021-08-05', 'https://zoom4', 'https://absensi4'),
(32, 5, '2021-08-15', '2021-08-05', 'https://zoom5', 'https://absensi5'),
(33, 6, '2021-08-15', '2021-08-05', 'https://zoom6', 'https://absensi6'),
(34, 7, '2021-08-15', '2021-08-05', 'https://zoom7', 'https://absensi7'),
(35, 8, '2021-08-15', '2021-08-05', 'https://zoom8', 'https://absensi8'),
(36, 9, '2021-08-15', '2021-08-05', 'https://zoom9', 'https://absensi9'),
(37, 10, '2021-08-15', '2021-08-05', 'https://zoom10', 'https://absensi10'),
(38, 11, '2021-08-15', '2021-08-05', 'https://zoom11', 'https://absensi11'),
(39, 12, '2021-08-15', '2021-08-05', 'https://zoom12', 'https://absensi12'),
(40, 13, '2021-08-15', '2021-08-05', 'https://zoom13', 'https://absensi13'),
(41, 14, '2021-08-15', '2021-08-05', 'https://zoom14', 'https://absensi14'),
(42, 15, '2021-08-15', '2021-08-05', 'https://zoom15', 'https://absensi15'),
(43, 16, '2021-08-15', '2021-08-05', 'https://zoom16', 'https://absensi16'),
(44, 17, '2021-08-15', '2021-08-05', 'https://zoom17', 'https://absensi17'),
(45, 18, '2021-08-15', '2021-08-05', 'https://zoom18', 'https://absensi18'),
(46, 19, '2021-08-15', '2021-08-05', 'https://zoom19', 'https://absensi19'),
(47, 20, '2021-08-15', '2021-08-05', 'https://zoom20', 'https://absensi20'),
(48, 21, '2021-08-15', '2021-08-05', 'https://zoom21', 'https://absensi21'),
(49, 22, '2021-08-15', '2021-08-05', 'https://zoom22', 'https://absensi22'),
(50, 23, '2021-08-15', '2021-08-05', 'https://zoom23', 'https://absensi23'),
(51, 24, '2021-08-15', '2021-08-05', 'https://zoom24', 'https://absensi24'),
(52, 25, '2021-08-15', '2021-08-05', 'https://zoom25', 'https://absensi25'),
(53, 26, '2021-08-15', '2021-08-05', 'https://zoom26', 'https://absensi26'),
(54, 27, '2021-08-15', '2021-08-05', 'https://zoom27', 'https://absensi27'),
(55, 1, '2021-08-16', '2021-08-05', 'https://zoom1', 'https://absensi1'),
(56, 2, '2021-08-16', '2021-08-05', 'https://zoom2', 'https://absensi2'),
(57, 3, '2021-08-16', '2021-08-05', 'https://zoom3', 'https://absensi3'),
(58, 4, '2021-08-16', '2021-08-05', 'https://zoom4', 'https://absensi4'),
(59, 5, '2021-08-16', '2021-08-05', 'https://zoom5', 'https://absensi5'),
(60, 6, '2021-08-16', '2021-08-05', 'https://zoom6', 'https://absensi6'),
(61, 7, '2021-08-16', '2021-08-05', 'https://zoom7', 'https://absensi7'),
(62, 8, '2021-08-16', '2021-08-05', 'https://zoom8', 'https://absensi8'),
(63, 9, '2021-08-16', '2021-08-05', 'https://zoom9', 'https://absensi9'),
(64, 10, '2021-08-16', '2021-08-05', 'https://zoom10', 'https://absensi10'),
(65, 11, '2021-08-16', '2021-08-05', 'https://zoom11', 'https://absensi11'),
(66, 12, '2021-08-16', '2021-08-05', 'https://zoom12', 'https://absensi12'),
(67, 13, '2021-08-16', '2021-08-05', 'https://zoom13', 'https://absensi13'),
(68, 14, '2021-08-16', '2021-08-05', 'https://zoom14', 'https://absensi14'),
(69, 15, '2021-08-16', '2021-08-05', 'https://zoom15', 'https://absensi15'),
(70, 16, '2021-08-16', '2021-08-05', 'https://zoom16', 'https://absensi16'),
(71, 17, '2021-08-16', '2021-08-05', 'https://zoom17', 'https://absensi17'),
(72, 18, '2021-08-16', '2021-08-05', 'https://zoom18', 'https://absensi18'),
(73, 19, '2021-08-16', '2021-08-05', 'https://zoom19', 'https://absensi19'),
(74, 20, '2021-08-16', '2021-08-05', 'https://zoom20', 'https://absensi20'),
(75, 21, '2021-08-16', '2021-08-05', 'https://zoom21', 'https://absensi21'),
(76, 22, '2021-08-16', '2021-08-05', 'https://zoom22', 'https://absensi22'),
(77, 23, '2021-08-16', '2021-08-05', 'https://zoom23', 'https://absensi23'),
(78, 24, '2021-08-16', '2021-08-05', 'https://zoom24', 'https://absensi24'),
(79, 25, '2021-08-16', '2021-08-05', 'https://zoom25', 'https://absensi25'),
(80, 26, '2021-08-16', '2021-08-05', 'https://zoom26', 'https://absensi26'),
(81, 27, '2021-08-16', '2021-08-05', 'https://zoom27', 'https://absensi27');

--
-- Dumping data for table `linkrundown`
--

INSERT INTO `linkrundown` (`idTest`, `idRundown`, `link`, `idKelBesar`, `dateUse`, `dateCreate`) VALUES
(1, 8, 'https://interaksi1-1', 1, '2021-08-14', '2021-08-05'),
(2, 8, 'https://interaksi1-2', 2, '2021-08-14', '2021-08-05'),
(3, 8, 'https://interaksi1-3', 3, '2021-08-14', '2021-08-05'),
(4, 8, 'https://interaksi1-4', 4, '2021-08-14', '2021-08-05'),
(5, 8, 'https://interaksi1-5', 5, '2021-08-14', '2021-08-05'),
(6, 8, 'https://interaksi1-6', 6, '2021-08-14', '2021-08-05'),
(7, 8, 'https://interaksi1-7', 7, '2021-08-14', '2021-08-05'),
(8, 8, 'https://interaksi1-8', 8, '2021-08-14', '2021-08-05'),
(9, 8, 'https://interaksi1-9', 9, '2021-08-14', '2021-08-05'),
(10, 8, 'https://interaksi1-10', 10, '2021-08-14', '2021-08-05'),
(11, 8, 'https://interaksi1-11', 11, '2021-08-14', '2021-08-05'),
(12, 8, 'https://interaksi1-12', 12, '2021-08-14', '2021-08-05'),
(13, 8, 'https://interaksi1-13', 13, '2021-08-14', '2021-08-05'),
(14, 8, 'https://interaksi1-14', 14, '2021-08-14', '2021-08-05'),
(15, 8, 'https://interaksi1-15', 15, '2021-08-14', '2021-08-05'),
(16, 8, 'https://interaksi1-16', 16, '2021-08-14', '2021-08-05'),
(17, 8, 'https://interaksi1-17', 17, '2021-08-14', '2021-08-05'),
(18, 8, 'https://interaksi1-18', 18, '2021-08-14', '2021-08-05'),
(19, 8, 'https://interaksi1-19', 19, '2021-08-14', '2021-08-05'),
(20, 8, 'https://interaksi1-20', 20, '2021-08-14', '2021-08-05'),
(21, 8, 'https://interaksi1-21', 21, '2021-08-14', '2021-08-05'),
(22, 8, 'https://interaksi1-22', 22, '2021-08-14', '2021-08-05'),
(23, 8, 'https://interaksi1-23', 23, '2021-08-14', '2021-08-05'),
(24, 8, 'https://interaksi1-24', 24, '2021-08-14', '2021-08-05'),
(25, 8, 'https://interaksi1-25', 25, '2021-08-14', '2021-08-05'),
(26, 8, 'https://interaksi1-26', 26, '2021-08-14', '2021-08-05'),
(27, 8, 'https://interaksi1-27', 27, '2021-08-14', '2021-08-05'),
(28, 9, 'https://materi1-1', 1, '2021-08-14', '2021-08-05'),
(29, 9, 'https://materi1-2', 2, '2021-08-14', '2021-08-05'),
(30, 9, 'https://materi1-3', 3, '2021-08-14', '2021-08-05'),
(31, 9, 'https://materi1-4', 4, '2021-08-14', '2021-08-05'),
(32, 9, 'https://materi1-5', 5, '2021-08-14', '2021-08-05'),
(33, 9, 'https://materi1-6', 6, '2021-08-14', '2021-08-05'),
(34, 9, 'https://materi1-7', 7, '2021-08-14', '2021-08-05'),
(35, 9, 'https://materi1-8', 8, '2021-08-14', '2021-08-05'),
(36, 9, 'https://materi1-9', 9, '2021-08-14', '2021-08-05'),
(37, 9, 'https://materi1-10', 10, '2021-08-14', '2021-08-05'),
(38, 9, 'https://materi1-11', 11, '2021-08-14', '2021-08-05'),
(39, 9, 'https://materi1-12', 12, '2021-08-14', '2021-08-05'),
(40, 9, 'https://materi1-13', 13, '2021-08-14', '2021-08-05'),
(41, 9, 'https://materi1-14', 14, '2021-08-14', '2021-08-05'),
(42, 9, 'https://materi1-15', 15, '2021-08-14', '2021-08-05'),
(43, 9, 'https://materi1-16', 16, '2021-08-14', '2021-08-05'),
(44, 9, 'https://materi1-17', 17, '2021-08-14', '2021-08-05'),
(45, 9, 'https://materi1-18', 18, '2021-08-14', '2021-08-05'),
(46, 9, 'https://materi1-19', 19, '2021-08-14', '2021-08-05'),
(47, 9, 'https://materi1-20', 20, '2021-08-14', '2021-08-05'),
(48, 9, 'https://materi1-21', 21, '2021-08-14', '2021-08-05'),
(49, 9, 'https://materi1-22', 22, '2021-08-14', '2021-08-05'),
(50, 9, 'https://materi1-23', 23, '2021-08-14', '2021-08-05'),
(51, 9, 'https://materi1-24', 24, '2021-08-14', '2021-08-05'),
(52, 9, 'https://materi1-25', 25, '2021-08-14', '2021-08-05'),
(53, 9, 'https://materi1-26', 26, '2021-08-14', '2021-08-05'),
(54, 9, 'https://materi1-27', 27, '2021-08-14', '2021-08-05'),
(55, 10, 'https://materi2-1', 1, '2021-08-14', '2021-08-05'),
(56, 10, 'https://materi2-2', 2, '2021-08-14', '2021-08-05'),
(57, 10, 'https://materi2-3', 3, '2021-08-14', '2021-08-05'),
(58, 10, 'https://materi2-4', 4, '2021-08-14', '2021-08-05'),
(59, 10, 'https://materi2-5', 5, '2021-08-14', '2021-08-05'),
(60, 10, 'https://materi2-6', 6, '2021-08-14', '2021-08-05'),
(61, 10, 'https://materi2-7', 7, '2021-08-14', '2021-08-05'),
(62, 10, 'https://materi2-8', 8, '2021-08-14', '2021-08-05'),
(63, 10, 'https://materi2-9', 9, '2021-08-14', '2021-08-05'),
(64, 10, 'https://materi2-10', 10, '2021-08-14', '2021-08-05'),
(65, 10, 'https://materi2-11', 11, '2021-08-14', '2021-08-05'),
(66, 10, 'https://materi2-12', 12, '2021-08-14', '2021-08-05'),
(67, 10, 'https://materi2-13', 13, '2021-08-14', '2021-08-05'),
(68, 10, 'https://materi2-14', 14, '2021-08-14', '2021-08-05'),
(69, 10, 'https://materi2-15', 15, '2021-08-14', '2021-08-05'),
(70, 10, 'https://materi2-16', 16, '2021-08-14', '2021-08-05'),
(71, 10, 'https://materi2-17', 17, '2021-08-14', '2021-08-05'),
(72, 10, 'https://materi2-18', 18, '2021-08-14', '2021-08-05'),
(73, 10, 'https://materi2-19', 19, '2021-08-14', '2021-08-05'),
(74, 10, 'https://materi2-20', 20, '2021-08-14', '2021-08-05'),
(75, 10, 'https://materi2-21', 21, '2021-08-14', '2021-08-05'),
(76, 10, 'https://materi2-22', 22, '2021-08-14', '2021-08-05'),
(77, 10, 'https://materi2-23', 23, '2021-08-14', '2021-08-05'),
(78, 10, 'https://materi2-24', 24, '2021-08-14', '2021-08-05'),
(79, 10, 'https://materi2-25', 25, '2021-08-14', '2021-08-05'),
(80, 10, 'https://materi2-26', 26, '2021-08-14', '2021-08-05'),
(81, 10, 'https://materi2-27', 27, '2021-08-14', '2021-08-05'),
(82, 11, 'https://interaksi2-1', 1, '2021-08-14', '2021-08-05'),
(83, 11, 'https://interaksi2-2', 2, '2021-08-14', '2021-08-05'),
(84, 11, 'https://interaksi2-3', 3, '2021-08-14', '2021-08-05'),
(85, 11, 'https://interaksi2-4', 4, '2021-08-14', '2021-08-05'),
(86, 11, 'https://interaksi2-5', 5, '2021-08-14', '2021-08-05'),
(87, 11, 'https://interaksi2-6', 6, '2021-08-14', '2021-08-05'),
(88, 11, 'https://interaksi2-7', 7, '2021-08-14', '2021-08-05'),
(89, 11, 'https://interaksi2-8', 8, '2021-08-14', '2021-08-05'),
(90, 11, 'https://interaksi2-9', 9, '2021-08-14', '2021-08-05'),
(91, 11, 'https://interaksi2-10', 10, '2021-08-14', '2021-08-05'),
(92, 11, 'https://interaksi2-11', 11, '2021-08-14', '2021-08-05'),
(93, 11, 'https://interaksi2-12', 12, '2021-08-14', '2021-08-05'),
(94, 11, 'https://interaksi2-13', 13, '2021-08-14', '2021-08-05'),
(95, 11, 'https://interaksi2-14', 14, '2021-08-14', '2021-08-05'),
(96, 11, 'https://interaksi2-15', 15, '2021-08-14', '2021-08-05'),
(97, 11, 'https://interaksi2-16', 16, '2021-08-14', '2021-08-05'),
(98, 11, 'https://interaksi2-17', 17, '2021-08-14', '2021-08-05'),
(99, 11, 'https://interaksi2-18', 18, '2021-08-14', '2021-08-05'),
(100, 11, 'https://interaksi2-19', 19, '2021-08-14', '2021-08-05'),
(101, 11, 'https://interaksi2-20', 20, '2021-08-14', '2021-08-05'),
(102, 11, 'https://interaksi2-21', 21, '2021-08-14', '2021-08-05'),
(103, 11, 'https://interaksi2-22', 22, '2021-08-14', '2021-08-05'),
(104, 11, 'https://interaksi2-23', 23, '2021-08-14', '2021-08-05'),
(105, 11, 'https://interaksi2-24', 24, '2021-08-14', '2021-08-05'),
(106, 11, 'https://interaksi2-25', 25, '2021-08-14', '2021-08-05'),
(107, 11, 'https://interaksi2-26', 26, '2021-08-14', '2021-08-05'),
(108, 11, 'https://interaksi2-27', 27, '2021-08-14', '2021-08-05'),
(109, 14, 'https://materi3-1', 1, '2021-08-14', '2021-08-05'),
(110, 14, 'https://materi3-2', 2, '2021-08-14', '2021-08-05'),
(111, 14, 'https://materi3-3', 3, '2021-08-14', '2021-08-05'),
(112, 14, 'https://materi3-4', 4, '2021-08-14', '2021-08-05'),
(113, 14, 'https://materi3-5', 5, '2021-08-14', '2021-08-05'),
(114, 14, 'https://materi3-6', 6, '2021-08-14', '2021-08-05'),
(115, 14, 'https://materi3-7', 7, '2021-08-14', '2021-08-05'),
(116, 14, 'https://materi3-8', 8, '2021-08-14', '2021-08-05'),
(117, 14, 'https://materi3-9', 9, '2021-08-14', '2021-08-05'),
(118, 14, 'https://materi3-10', 10, '2021-08-14', '2021-08-05'),
(119, 14, 'https://materi3-11', 11, '2021-08-14', '2021-08-05'),
(120, 14, 'https://materi3-12', 12, '2021-08-14', '2021-08-05'),
(121, 14, 'https://materi3-13', 13, '2021-08-14', '2021-08-05'),
(122, 14, 'https://materi3-14', 14, '2021-08-14', '2021-08-05'),
(123, 14, 'https://materi3-15', 15, '2021-08-14', '2021-08-05'),
(124, 14, 'https://materi3-16', 16, '2021-08-14', '2021-08-05'),
(125, 14, 'https://materi3-17', 17, '2021-08-14', '2021-08-05'),
(126, 14, 'https://materi3-18', 18, '2021-08-14', '2021-08-05'),
(127, 14, 'https://materi3-19', 19, '2021-08-14', '2021-08-05'),
(128, 14, 'https://materi3-20', 20, '2021-08-14', '2021-08-05'),
(129, 14, 'https://materi3-21', 21, '2021-08-14', '2021-08-05'),
(130, 14, 'https://materi3-22', 22, '2021-08-14', '2021-08-05'),
(131, 14, 'https://materi3-23', 23, '2021-08-14', '2021-08-05'),
(132, 14, 'https://materi3-24', 24, '2021-08-14', '2021-08-05'),
(133, 14, 'https://materi3-25', 25, '2021-08-14', '2021-08-05'),
(134, 14, 'https://materi3-26', 26, '2021-08-14', '2021-08-05'),
(135, 14, 'https://materi3-27', 27, '2021-08-14', '2021-08-05'),
(136, 19, 'https://materi4-1', 1, '2021-08-15', '2021-08-05'),
(137, 19, 'https://materi4-2', 2, '2021-08-15', '2021-08-05'),
(138, 19, 'https://materi4-3', 3, '2021-08-15', '2021-08-05'),
(139, 19, 'https://materi4-4', 4, '2021-08-15', '2021-08-05'),
(140, 19, 'https://materi4-5', 5, '2021-08-15', '2021-08-05'),
(141, 19, 'https://materi4-6', 6, '2021-08-15', '2021-08-05'),
(142, 19, 'https://materi4-7', 7, '2021-08-15', '2021-08-05'),
(143, 19, 'https://materi4-8', 8, '2021-08-15', '2021-08-05'),
(144, 19, 'https://materi4-9', 9, '2021-08-15', '2021-08-05'),
(145, 19, 'https://materi4-10', 10, '2021-08-15', '2021-08-05'),
(146, 19, 'https://materi4-11', 11, '2021-08-15', '2021-08-05'),
(147, 19, 'https://materi4-12', 12, '2021-08-15', '2021-08-05'),
(148, 19, 'https://materi4-13', 13, '2021-08-15', '2021-08-05'),
(149, 19, 'https://materi4-14', 14, '2021-08-15', '2021-08-05'),
(150, 19, 'https://materi4-15', 15, '2021-08-15', '2021-08-05'),
(151, 19, 'https://materi4-16', 16, '2021-08-15', '2021-08-05'),
(152, 19, 'https://materi4-17', 17, '2021-08-15', '2021-08-05'),
(153, 19, 'https://materi4-18', 18, '2021-08-15', '2021-08-05'),
(154, 19, 'https://materi4-19', 19, '2021-08-15', '2021-08-05'),
(155, 19, 'https://materi4-20', 20, '2021-08-15', '2021-08-05'),
(156, 19, 'https://materi4-21', 21, '2021-08-15', '2021-08-05'),
(157, 19, 'https://materi4-22', 22, '2021-08-15', '2021-08-05'),
(158, 19, 'https://materi4-23', 23, '2021-08-15', '2021-08-05'),
(159, 19, 'https://materi4-24', 24, '2021-08-15', '2021-08-05'),
(160, 19, 'https://materi4-25', 25, '2021-08-15', '2021-08-05'),
(161, 19, 'https://materi4-26', 26, '2021-08-15', '2021-08-05'),
(162, 19, 'https://materi4-27', 27, '2021-08-15', '2021-08-05'),
(163, 20, 'https://materi5-1', 1, '2021-08-15', '2021-08-05'),
(164, 20, 'https://materi5-2', 2, '2021-08-15', '2021-08-05'),
(165, 20, 'https://materi5-3', 3, '2021-08-15', '2021-08-05'),
(166, 20, 'https://materi5-4', 4, '2021-08-15', '2021-08-05'),
(167, 20, 'https://materi5-5', 5, '2021-08-15', '2021-08-05'),
(168, 20, 'https://materi5-6', 6, '2021-08-15', '2021-08-05'),
(169, 20, 'https://materi5-7', 7, '2021-08-15', '2021-08-05'),
(170, 20, 'https://materi5-8', 8, '2021-08-15', '2021-08-05'),
(171, 20, 'https://materi5-9', 9, '2021-08-15', '2021-08-05'),
(172, 20, 'https://materi5-10', 10, '2021-08-15', '2021-08-05'),
(173, 20, 'https://materi5-11', 11, '2021-08-15', '2021-08-05'),
(174, 20, 'https://materi5-12', 12, '2021-08-15', '2021-08-05'),
(175, 20, 'https://materi5-13', 13, '2021-08-15', '2021-08-05'),
(176, 20, 'https://materi5-14', 14, '2021-08-15', '2021-08-05'),
(177, 20, 'https://materi5-15', 15, '2021-08-15', '2021-08-05'),
(178, 20, 'https://materi5-16', 16, '2021-08-15', '2021-08-05'),
(179, 20, 'https://materi5-17', 17, '2021-08-15', '2021-08-05'),
(180, 20, 'https://materi5-18', 18, '2021-08-15', '2021-08-05'),
(181, 20, 'https://materi5-19', 19, '2021-08-15', '2021-08-05'),
(182, 20, 'https://materi5-20', 20, '2021-08-15', '2021-08-05'),
(183, 20, 'https://materi5-21', 21, '2021-08-15', '2021-08-05'),
(184, 20, 'https://materi5-22', 22, '2021-08-15', '2021-08-05'),
(185, 20, 'https://materi5-23', 23, '2021-08-15', '2021-08-05'),
(186, 20, 'https://materi5-24', 24, '2021-08-15', '2021-08-05'),
(187, 20, 'https://materi5-25', 25, '2021-08-15', '2021-08-05'),
(188, 20, 'https://materi5-26', 26, '2021-08-15', '2021-08-05'),
(189, 20, 'https://materi5-27', 27, '2021-08-15', '2021-08-05'),
(190, 21, 'https://materi6-1', 1, '2021-08-15', '2021-08-05'),
(191, 21, 'https://materi6-2', 2, '2021-08-15', '2021-08-05'),
(192, 21, 'https://materi6-3', 3, '2021-08-15', '2021-08-05'),
(193, 21, 'https://materi6-4', 4, '2021-08-15', '2021-08-05'),
(194, 21, 'https://materi6-5', 5, '2021-08-15', '2021-08-05'),
(195, 21, 'https://materi6-6', 6, '2021-08-15', '2021-08-05'),
(196, 21, 'https://materi6-7', 7, '2021-08-15', '2021-08-05'),
(197, 21, 'https://materi6-8', 8, '2021-08-15', '2021-08-05'),
(198, 21, 'https://materi6-9', 9, '2021-08-15', '2021-08-05'),
(199, 21, 'https://materi6-10', 10, '2021-08-15', '2021-08-05'),
(200, 21, 'https://materi6-11', 11, '2021-08-15', '2021-08-05'),
(201, 21, 'https://materi6-12', 12, '2021-08-15', '2021-08-05'),
(202, 21, 'https://materi6-13', 13, '2021-08-15', '2021-08-05'),
(203, 21, 'https://materi6-14', 14, '2021-08-15', '2021-08-05'),
(204, 21, 'https://materi6-15', 15, '2021-08-15', '2021-08-05'),
(205, 21, 'https://materi6-16', 16, '2021-08-15', '2021-08-05'),
(206, 21, 'https://materi6-17', 17, '2021-08-15', '2021-08-05'),
(207, 21, 'https://materi6-18', 18, '2021-08-15', '2021-08-05'),
(208, 21, 'https://materi6-19', 19, '2021-08-15', '2021-08-05'),
(209, 21, 'https://materi6-20', 20, '2021-08-15', '2021-08-05'),
(210, 21, 'https://materi6-21', 21, '2021-08-15', '2021-08-05'),
(211, 21, 'https://materi6-22', 22, '2021-08-15', '2021-08-05'),
(212, 21, 'https://materi6-23', 23, '2021-08-15', '2021-08-05'),
(213, 21, 'https://materi6-24', 24, '2021-08-15', '2021-08-05'),
(214, 21, 'https://materi6-25', 25, '2021-08-15', '2021-08-05'),
(215, 21, 'https://materi6-26', 26, '2021-08-15', '2021-08-05'),
(216, 21, 'https://materi6-27', 27, '2021-08-15', '2021-08-05'),
(217, 22, 'https://interaksi3-1', 1, '2021-08-15', '2021-08-05'),
(218, 22, 'https://interaksi3-2', 2, '2021-08-15', '2021-08-05'),
(219, 22, 'https://interaksi3-3', 3, '2021-08-15', '2021-08-05'),
(220, 22, 'https://interaksi3-4', 4, '2021-08-15', '2021-08-05'),
(221, 22, 'https://interaksi3-5', 5, '2021-08-15', '2021-08-05'),
(222, 22, 'https://interaksi3-6', 6, '2021-08-15', '2021-08-05'),
(223, 22, 'https://interaksi3-7', 7, '2021-08-15', '2021-08-05'),
(224, 22, 'https://interaksi3-8', 8, '2021-08-15', '2021-08-05'),
(225, 22, 'https://interaksi3-9', 9, '2021-08-15', '2021-08-05'),
(226, 22, 'https://interaksi3-10', 10, '2021-08-15', '2021-08-05'),
(227, 22, 'https://interaksi3-11', 11, '2021-08-15', '2021-08-05'),
(228, 22, 'https://interaksi3-12', 12, '2021-08-15', '2021-08-05'),
(229, 22, 'https://interaksi3-13', 13, '2021-08-15', '2021-08-05'),
(230, 22, 'https://interaksi3-14', 14, '2021-08-15', '2021-08-05'),
(231, 22, 'https://interaksi3-15', 15, '2021-08-15', '2021-08-05'),
(232, 22, 'https://interaksi3-16', 16, '2021-08-15', '2021-08-05'),
(233, 22, 'https://interaksi3-17', 17, '2021-08-15', '2021-08-05'),
(234, 22, 'https://interaksi3-18', 18, '2021-08-15', '2021-08-05'),
(235, 22, 'https://interaksi3-19', 19, '2021-08-15', '2021-08-05'),
(236, 22, 'https://interaksi3-20', 20, '2021-08-15', '2021-08-05'),
(237, 22, 'https://interaksi3-21', 21, '2021-08-15', '2021-08-05'),
(238, 22, 'https://interaksi3-22', 22, '2021-08-15', '2021-08-05'),
(239, 22, 'https://interaksi3-23', 23, '2021-08-15', '2021-08-05'),
(240, 22, 'https://interaksi3-24', 24, '2021-08-15', '2021-08-05'),
(241, 22, 'https://interaksi3-25', 25, '2021-08-15', '2021-08-05'),
(242, 22, 'https://interaksi3-26', 26, '2021-08-15', '2021-08-05'),
(243, 22, 'https://interaksi3-27', 27, '2021-08-15', '2021-08-05'),
(244, 25, 'https://materi7-1', 1, '2021-08-15', '2021-08-05'),
(245, 25, 'https://materi7-2', 2, '2021-08-15', '2021-08-05'),
(246, 25, 'https://materi7-3', 3, '2021-08-15', '2021-08-05'),
(247, 25, 'https://materi7-4', 4, '2021-08-15', '2021-08-05'),
(248, 25, 'https://materi7-5', 5, '2021-08-15', '2021-08-05'),
(249, 25, 'https://materi7-6', 6, '2021-08-15', '2021-08-05'),
(250, 25, 'https://materi7-7', 7, '2021-08-15', '2021-08-05'),
(251, 25, 'https://materi7-8', 8, '2021-08-15', '2021-08-05'),
(252, 25, 'https://materi7-9', 9, '2021-08-15', '2021-08-05'),
(253, 25, 'https://materi7-10', 10, '2021-08-15', '2021-08-05'),
(254, 25, 'https://materi7-11', 11, '2021-08-15', '2021-08-05'),
(255, 25, 'https://materi7-12', 12, '2021-08-15', '2021-08-05'),
(256, 25, 'https://materi7-13', 13, '2021-08-15', '2021-08-05'),
(257, 25, 'https://materi7-14', 14, '2021-08-15', '2021-08-05'),
(258, 25, 'https://materi7-15', 15, '2021-08-15', '2021-08-05'),
(259, 25, 'https://materi7-16', 16, '2021-08-15', '2021-08-05'),
(260, 25, 'https://materi7-17', 17, '2021-08-15', '2021-08-05'),
(261, 25, 'https://materi7-18', 18, '2021-08-15', '2021-08-05'),
(262, 25, 'https://materi7-19', 19, '2021-08-15', '2021-08-05'),
(263, 25, 'https://materi7-20', 20, '2021-08-15', '2021-08-05'),
(264, 25, 'https://materi7-21', 21, '2021-08-15', '2021-08-05'),
(265, 25, 'https://materi7-22', 22, '2021-08-15', '2021-08-05'),
(266, 25, 'https://materi7-23', 23, '2021-08-15', '2021-08-05'),
(267, 25, 'https://materi7-24', 24, '2021-08-15', '2021-08-05'),
(268, 25, 'https://materi7-25', 25, '2021-08-15', '2021-08-05'),
(269, 25, 'https://materi7-26', 26, '2021-08-15', '2021-08-05'),
(270, 25, 'https://materi7-27', 27, '2021-08-15', '2021-08-05'),
(271, 30, 'https://materi8-1', 1, '2021-08-16', '2021-08-05'),
(272, 30, 'https://materi8-2', 2, '2021-08-16', '2021-08-05'),
(273, 30, 'https://materi8-3', 3, '2021-08-16', '2021-08-05'),
(274, 30, 'https://materi8-4', 4, '2021-08-16', '2021-08-05'),
(275, 30, 'https://materi8-5', 5, '2021-08-16', '2021-08-05'),
(276, 30, 'https://materi8-6', 6, '2021-08-16', '2021-08-05'),
(277, 30, 'https://materi8-7', 7, '2021-08-16', '2021-08-05'),
(278, 30, 'https://materi8-8', 8, '2021-08-16', '2021-08-05'),
(279, 30, 'https://materi8-9', 9, '2021-08-16', '2021-08-05'),
(280, 30, 'https://materi8-10', 10, '2021-08-16', '2021-08-05'),
(281, 30, 'https://materi8-11', 11, '2021-08-16', '2021-08-05'),
(282, 30, 'https://materi8-12', 12, '2021-08-16', '2021-08-05'),
(283, 30, 'https://materi8-13', 13, '2021-08-16', '2021-08-05'),
(284, 30, 'https://materi8-14', 14, '2021-08-16', '2021-08-05'),
(285, 30, 'https://materi8-15', 15, '2021-08-16', '2021-08-05'),
(286, 30, 'https://materi8-16', 16, '2021-08-16', '2021-08-05'),
(287, 30, 'https://materi8-17', 17, '2021-08-16', '2021-08-05'),
(288, 30, 'https://materi8-18', 18, '2021-08-16', '2021-08-05'),
(289, 30, 'https://materi8-19', 19, '2021-08-16', '2021-08-05'),
(290, 30, 'https://materi8-20', 20, '2021-08-16', '2021-08-05'),
(291, 30, 'https://materi8-21', 21, '2021-08-16', '2021-08-05'),
(292, 30, 'https://materi8-22', 22, '2021-08-16', '2021-08-05'),
(293, 30, 'https://materi8-23', 23, '2021-08-16', '2021-08-05'),
(294, 30, 'https://materi8-24', 24, '2021-08-16', '2021-08-05'),
(295, 30, 'https://materi8-25', 25, '2021-08-16', '2021-08-05'),
(296, 30, 'https://materi8-26', 26, '2021-08-16', '2021-08-05'),
(297, 30, 'https://materi8-27', 27, '2021-08-16', '2021-08-05'),
(298, 31, 'https://materi9-1', 1, '2021-08-16', '2021-08-05'),
(299, 31, 'https://materi9-2', 2, '2021-08-16', '2021-08-05'),
(300, 31, 'https://materi9-3', 3, '2021-08-16', '2021-08-05'),
(301, 31, 'https://materi9-4', 4, '2021-08-16', '2021-08-05'),
(302, 31, 'https://materi9-5', 5, '2021-08-16', '2021-08-05'),
(303, 31, 'https://materi9-6', 6, '2021-08-16', '2021-08-05'),
(304, 31, 'https://materi9-7', 7, '2021-08-16', '2021-08-05'),
(305, 31, 'https://materi9-8', 8, '2021-08-16', '2021-08-05'),
(306, 31, 'https://materi9-9', 9, '2021-08-16', '2021-08-05'),
(307, 31, 'https://materi9-10', 10, '2021-08-16', '2021-08-05'),
(308, 31, 'https://materi9-11', 11, '2021-08-16', '2021-08-05'),
(309, 31, 'https://materi9-12', 12, '2021-08-16', '2021-08-05'),
(310, 31, 'https://materi9-13', 13, '2021-08-16', '2021-08-05'),
(311, 31, 'https://materi9-14', 14, '2021-08-16', '2021-08-05'),
(312, 31, 'https://materi9-15', 15, '2021-08-16', '2021-08-05'),
(313, 31, 'https://materi9-16', 16, '2021-08-16', '2021-08-05'),
(314, 31, 'https://materi9-17', 17, '2021-08-16', '2021-08-05'),
(315, 31, 'https://materi9-18', 18, '2021-08-16', '2021-08-05'),
(316, 31, 'https://materi9-19', 19, '2021-08-16', '2021-08-05'),
(317, 31, 'https://materi9-20', 20, '2021-08-16', '2021-08-05'),
(318, 31, 'https://materi9-21', 21, '2021-08-16', '2021-08-05'),
(319, 31, 'https://materi9-22', 22, '2021-08-16', '2021-08-05'),
(320, 31, 'https://materi9-23', 23, '2021-08-16', '2021-08-05'),
(321, 31, 'https://materi9-24', 24, '2021-08-16', '2021-08-05'),
(322, 31, 'https://materi9-25', 25, '2021-08-16', '2021-08-05'),
(323, 31, 'https://materi9-26', 26, '2021-08-16', '2021-08-05'),
(324, 31, 'https://materi9-27', 27, '2021-08-16', '2021-08-05'),
(325, 32, 'https://materi10-1', 1, '2021-08-16', '2021-08-05'),
(326, 32, 'https://materi10-2', 2, '2021-08-16', '2021-08-05'),
(327, 32, 'https://materi10-3', 3, '2021-08-16', '2021-08-05'),
(328, 32, 'https://materi10-4', 4, '2021-08-16', '2021-08-05'),
(329, 32, 'https://materi10-5', 5, '2021-08-16', '2021-08-05'),
(330, 32, 'https://materi10-6', 6, '2021-08-16', '2021-08-05'),
(331, 32, 'https://materi10-7', 7, '2021-08-16', '2021-08-05'),
(332, 32, 'https://materi10-8', 8, '2021-08-16', '2021-08-05'),
(333, 32, 'https://materi10-9', 9, '2021-08-16', '2021-08-05'),
(334, 32, 'https://materi10-10', 10, '2021-08-16', '2021-08-05'),
(335, 32, 'https://materi10-11', 11, '2021-08-16', '2021-08-05'),
(336, 32, 'https://materi10-12', 12, '2021-08-16', '2021-08-05'),
(337, 32, 'https://materi10-13', 13, '2021-08-16', '2021-08-05'),
(338, 32, 'https://materi10-14', 14, '2021-08-16', '2021-08-05'),
(339, 32, 'https://materi10-15', 15, '2021-08-16', '2021-08-05'),
(340, 32, 'https://materi10-16', 16, '2021-08-16', '2021-08-05'),
(341, 32, 'https://materi10-17', 17, '2021-08-16', '2021-08-05'),
(342, 32, 'https://materi10-18', 18, '2021-08-16', '2021-08-05'),
(343, 32, 'https://materi10-19', 19, '2021-08-16', '2021-08-05'),
(344, 32, 'https://materi10-20', 20, '2021-08-16', '2021-08-05'),
(345, 32, 'https://materi10-21', 21, '2021-08-16', '2021-08-05'),
(346, 32, 'https://materi10-22', 22, '2021-08-16', '2021-08-05'),
(347, 32, 'https://materi10-23', 23, '2021-08-16', '2021-08-05'),
(348, 32, 'https://materi10-24', 24, '2021-08-16', '2021-08-05'),
(349, 32, 'https://materi10-25', 25, '2021-08-16', '2021-08-05'),
(350, 32, 'https://materi10-26', 26, '2021-08-16', '2021-08-05'),
(351, 32, 'https://materi10-27', 27, '2021-08-16', '2021-08-05'),
(352, 34, 'https://materi11-1', 1, '2021-08-16', '2021-08-05'),
(353, 34, 'https://materi11-2', 2, '2021-08-16', '2021-08-05'),
(354, 34, 'https://materi11-3', 3, '2021-08-16', '2021-08-05'),
(355, 34, 'https://materi11-4', 4, '2021-08-16', '2021-08-05'),
(356, 34, 'https://materi11-5', 5, '2021-08-16', '2021-08-05'),
(357, 34, 'https://materi11-6', 6, '2021-08-16', '2021-08-05'),
(358, 34, 'https://materi11-7', 7, '2021-08-16', '2021-08-05'),
(359, 34, 'https://materi11-8', 8, '2021-08-16', '2021-08-05'),
(360, 34, 'https://materi11-9', 9, '2021-08-16', '2021-08-05'),
(361, 34, 'https://materi11-10', 10, '2021-08-16', '2021-08-05'),
(362, 34, 'https://materi11-11', 11, '2021-08-16', '2021-08-05'),
(363, 34, 'https://materi11-12', 12, '2021-08-16', '2021-08-05'),
(364, 34, 'https://materi11-13', 13, '2021-08-16', '2021-08-05'),
(365, 34, 'https://materi11-14', 14, '2021-08-16', '2021-08-05'),
(366, 34, 'https://materi11-15', 15, '2021-08-16', '2021-08-05'),
(367, 34, 'https://materi11-16', 16, '2021-08-16', '2021-08-05'),
(368, 34, 'https://materi11-17', 17, '2021-08-16', '2021-08-05'),
(369, 34, 'https://materi11-18', 18, '2021-08-16', '2021-08-05'),
(370, 34, 'https://materi11-19', 19, '2021-08-16', '2021-08-05'),
(371, 34, 'https://materi11-20', 20, '2021-08-16', '2021-08-05'),
(372, 34, 'https://materi11-21', 21, '2021-08-16', '2021-08-05'),
(373, 34, 'https://materi11-22', 22, '2021-08-16', '2021-08-05'),
(374, 34, 'https://materi11-23', 23, '2021-08-16', '2021-08-05'),
(375, 34, 'https://materi11-24', 24, '2021-08-16', '2021-08-05'),
(376, 34, 'https://materi11-25', 25, '2021-08-16', '2021-08-05'),
(377, 34, 'https://materi11-26', 26, '2021-08-16', '2021-08-05'),
(378, 34, 'https://materi11-27', 27, '2021-08-16', '2021-08-05'),
(379, 35, 'https://materi12-1', 1, '2021-08-16', '2021-08-05'),
(380, 35, 'https://materi12-2', 2, '2021-08-16', '2021-08-05'),
(381, 35, 'https://materi12-3', 3, '2021-08-16', '2021-08-05'),
(382, 35, 'https://materi12-4', 4, '2021-08-16', '2021-08-05'),
(383, 35, 'https://materi12-5', 5, '2021-08-16', '2021-08-05'),
(384, 35, 'https://materi12-6', 6, '2021-08-16', '2021-08-05'),
(385, 35, 'https://materi12-7', 7, '2021-08-16', '2021-08-05'),
(386, 35, 'https://materi12-8', 8, '2021-08-16', '2021-08-05'),
(387, 35, 'https://materi12-9', 9, '2021-08-16', '2021-08-05'),
(388, 35, 'https://materi12-10', 10, '2021-08-16', '2021-08-05'),
(389, 35, 'https://materi12-11', 11, '2021-08-16', '2021-08-05'),
(390, 35, 'https://materi12-12', 12, '2021-08-16', '2021-08-05'),
(391, 35, 'https://materi12-13', 13, '2021-08-16', '2021-08-05'),
(392, 35, 'https://materi12-14', 14, '2021-08-16', '2021-08-05'),
(393, 35, 'https://materi12-15', 15, '2021-08-16', '2021-08-05'),
(394, 35, 'https://materi12-16', 16, '2021-08-16', '2021-08-05'),
(395, 35, 'https://materi12-17', 17, '2021-08-16', '2021-08-05'),
(396, 35, 'https://materi12-18', 18, '2021-08-16', '2021-08-05'),
(397, 35, 'https://materi12-19', 19, '2021-08-16', '2021-08-05'),
(398, 35, 'https://materi12-20', 20, '2021-08-16', '2021-08-05'),
(399, 35, 'https://materi12-21', 21, '2021-08-16', '2021-08-05'),
(400, 35, 'https://materi12-22', 22, '2021-08-16', '2021-08-05'),
(401, 35, 'https://materi12-23', 23, '2021-08-16', '2021-08-05'),
(402, 35, 'https://materi12-24', 24, '2021-08-16', '2021-08-05'),
(403, 35, 'https://materi12-25', 25, '2021-08-16', '2021-08-05'),
(404, 35, 'https://materi12-26', 26, '2021-08-16', '2021-08-05'),
(405, 35, 'https://materi12-27', 27, '2021-08-16', '2021-08-05');

--
-- Dumping data for table `tbkelbesar`
--

INSERT INTO `tbkelbesar` (`idKelBesar`, `namaKelBesar`, `namaPicKelBesar`, `cpPicKelBesar`, `dateCreate`) VALUES
(1, 'Horizon Explorer', '', '', '2021-08-05 01:16:48'),
(2, 'Soil', '', '', '2021-08-05 01:16:48'),
(3, 'Sedimen', '', '', '2021-08-05 01:16:48'),
(4, 'Shady Sylva', '', '', '2021-08-05 01:16:48'),
(5, 'Incredible Cascade', '', '', '2021-08-05 01:16:48'),
(6, 'Mountains', '', '', '2021-08-05 01:16:48'),
(7, 'Bridge', '', '', '2021-08-05 01:16:48'),
(8, 'Iconic Castle', '', '', '2021-08-05 01:16:48'),
(9, 'Magnificent River', '', '', '2021-08-05 01:16:48'),
(10, 'Seashore', '', '', '2021-08-05 01:16:48'),
(11, 'Great Ocean', '', '', '2021-08-05 01:16:48'),
(12, 'Strait', '', '', '2021-08-05 01:16:48'),
(13, 'Oceanic Trench', '', '', '2021-08-05 01:16:48'),
(14, 'Archipelago', '', '', '2021-08-05 01:16:48'),
(15, 'Mainland', '', '', '2021-08-05 01:16:48'),
(16, 'Phenomena', '', '', '2021-08-05 01:16:48'),
(17, 'World Wonders', '', '', '2021-08-05 01:16:48'),
(18, 'Scaterred Cloud', '', '', '2021-08-05 01:16:48'),
(19, 'Planet', '', '', '2021-08-05 01:16:48'),
(20, 'Sattelite', '', '', '2021-08-05 01:16:48'),
(21, 'Asteroid', '', '', '2021-08-05 01:16:48'),
(22, 'Meteoric', '', '', '2021-08-05 01:16:48'),
(23, 'Constellation', '', '', '2021-08-05 01:16:48'),
(24, 'Stars', '', '', '2021-08-05 01:16:48'),
(25, 'Comet', '', '', '2021-08-05 01:16:48'),
(26, 'Galaxy', '', '', '2021-08-05 01:16:48'),
(27, 'Astronomy', '', '', '2021-08-05 01:16:48');

--
-- Dumping data for table `tbkelkecil`
--

INSERT INTO `tbkelkecil` (`idKelKecil`, `namaKelKecil`, `idKelBesar`, `namaPicKelKecil`, `cpPicKelKecil`, `dateCreate`) VALUES
(1, 'Vasco Da Gama', 1, '', '', '2021-08-05 01:20:34'),
(2, 'Franciscus Xaverius', 1, '', '', '2021-08-05 01:20:34'),
(3, 'Christoper Colombus', 1, '', '', '2021-08-05 01:20:35'),
(4, 'Amerigo Vespucci', 1, '', '', '2021-08-05 01:20:35'),
(5, 'Juan Sebastian del Cano', 1, '', '', '2021-08-05 01:20:35'),
(6, 'Ferdinand Cortez', 1, '', '', '2021-08-05 01:20:35'),
(7, 'James Cook', 1, '', '', '2021-08-05 01:20:35'),
(8, 'Wiliam Dampier', 1, '', '', '2021-08-05 01:20:35'),
(9, 'Matther Flinders', 1, '', '', '2021-08-05 01:20:35'),
(10, 'Bartholomeus Diaz', 1, '', '', '2021-08-05 01:20:35'),
(11, 'Cabral', 1, '', '', '2021-08-05 01:20:35'),
(12, 'Alfonso de Albuquerque', 1, '', '', '2021-08-05 01:20:35'),
(13, 'Pizaro', 1, '', '', '2021-08-05 01:20:35'),
(14, 'Aluvial', 2, '', '', '2021-08-05 01:21:36'),
(15, 'Entisol', 2, '', '', '2021-08-05 01:21:36'),
(16, 'Grumusol', 2, '', '', '2021-08-05 01:21:36'),
(17, 'Laterit', 2, '', '', '2021-08-05 01:21:36'),
(18, 'Podzolik', 2, '', '', '2021-08-05 01:21:36'),
(19, 'Vulkanis', 2, '', '', '2021-08-05 01:21:36'),
(20, 'Oxisol', 2, '', '', '2021-08-05 01:21:36'),
(21, 'Andosol', 2, '', '', '2021-08-05 01:21:36'),
(22, 'Podsol', 2, '', '', '2021-08-05 01:21:36'),
(23, 'Organosol', 2, '', '', '2021-08-05 01:21:36'),
(24, 'Litosol', 2, '', '', '2021-08-05 01:21:36'),
(25, 'Humus', 2, '', '', '2021-08-05 01:21:36'),
(26, 'Inceptisol', 2, '', '', '2021-08-05 01:21:36'),
(27, 'Quartzite', 3, '', '', '2021-08-05 01:22:33'),
(28, 'Pumice', 3, '', '', '2021-08-05 01:22:33'),
(29, 'Agate', 3, '', '', '2021-08-05 01:22:33'),
(30, 'Rhedonite', 3, '', '', '2021-08-05 01:22:33'),
(31, 'Asbestos', 3, '', '', '2021-08-05 01:22:33'),
(32, 'Apatite', 3, '', '', '2021-08-05 01:22:33'),
(33, 'Pyrite', 3, '', '', '2021-08-05 01:22:33'),
(34, 'Sandstone', 3, '', '', '2021-08-05 01:22:33'),
(35, 'Scoria', 3, '', '', '2021-08-05 01:22:33'),
(36, 'Gneiss', 3, '', '', '2021-08-05 01:22:33'),
(37, 'Diorite', 3, '', '', '2021-08-05 01:22:33'),
(38, 'Corondum', 3, '', '', '2021-08-05 01:22:33'),
(39, 'Tourmaline', 3, '', '', '2021-08-05 01:22:33'),
(40, 'Sinharaja', 4, '', '', '2021-08-05 01:23:06'),
(41, 'Mindo-Nambillo', 4, '', '', '2021-08-05 01:23:06'),
(42, 'Redwood', 4, '', '', '2021-08-05 01:23:06'),
(43, 'Kinabalu', 4, '', '', '2021-08-05 01:23:06'),
(44, 'Daintree', 4, '', '', '2021-08-05 01:23:06'),
(45, 'Sequoia', 4, '', '', '2021-08-05 01:23:06'),
(46, 'Sundarbans', 4, '', '', '2021-08-05 01:23:06'),
(47, 'Kayan Mentarang', 4, '', '', '2021-08-05 01:23:06'),
(48, 'Valdivian', 4, '', '', '2021-08-05 01:23:06'),
(49, 'Taiga', 4, '', '', '2021-08-05 01:23:06'),
(50, 'Monteverde', 4, '', '', '2021-08-05 01:23:06'),
(51, 'Otzaretta', 4, '', '', '2021-08-05 01:23:06'),
(52, 'Mossy', 4, '', '', '2021-08-05 01:23:06'),
(53, 'Niagara', 5, '', '', '2021-08-05 01:23:43'),
(54, 'Yosemite', 5, '', '', '2021-08-05 01:23:43'),
(55, 'Iguazu', 5, '', '', '2021-08-05 01:23:43'),
(56, 'Havasu', 5, '', '', '2021-08-05 01:23:43'),
(57, 'Gullfos', 5, '', '', '2021-08-05 01:23:43'),
(58, 'Bridalveil', 5, '', '', '2021-08-05 01:23:43'),
(59, 'Palouse', 5, '', '', '2021-08-05 01:23:43'),
(60, 'Ban Gioc', 5, '', '', '2021-08-05 01:23:43'),
(61, 'Trou de Fer', 5, '', '', '2021-08-05 01:23:43'),
(62, 'Mongefossen', 5, '', '', '2021-08-05 01:23:43'),
(63, 'Dudhsagar', 5, '', '', '2021-08-05 01:23:43'),
(64, 'Shoshone', 5, '', '', '2021-08-05 01:23:43'),
(65, 'Gocta', 5, '', '', '2021-08-05 01:23:43'),
(66, 'Everest', 6, '', '', '2021-08-05 01:24:21'),
(67, 'Krakatoa', 6, '', '', '2021-08-05 01:24:21'),
(68, 'Kilimanjaro', 6, '', '', '2021-08-05 01:24:21'),
(69, 'Kerinci', 6, '', '', '2021-08-05 01:24:22'),
(70, 'Rinjani', 6, '', '', '2021-08-05 01:24:22'),
(71, 'Semeru', 6, '', '', '2021-08-05 01:24:22'),
(72, 'Baxter', 6, '', '', '2021-08-05 01:24:22'),
(73, 'Waddington', 6, '', '', '2021-08-05 01:24:22'),
(74, 'Cotopaxi', 6, '', '', '2021-08-05 01:24:22'),
(75, 'Lhotse', 6, '', '', '2021-08-05 01:24:22'),
(76, 'Mauna Kea', 6, '', '', '2021-08-05 01:24:22'),
(77, 'Mont Blanc', 6, '', '', '2021-08-05 01:24:22'),
(78, 'Jayawijaya', 6, '', '', '2021-08-05 01:24:22'),
(79, 'Pasupati', 7, '', '', '2021-08-05 01:25:06'),
(80, 'Golden Gate', 7, '', '', '2021-08-05 01:25:06'),
(81, 'Brooklyn', 7, '', '', '2021-08-05 01:25:06'),
(82, 'Donghai', 7, '', '', '2021-08-05 01:25:06'),
(83, 'Manchac', 7, '', '', '2021-08-05 01:25:06'),
(84, 'Sunniberg', 7, '', '', '2021-08-05 01:25:06'),
(85, 'Nescio', 7, '', '', '2021-08-05 01:25:06'),
(86, 'Millau Viaduct', 7, '', '', '2021-08-05 01:25:06'),
(87, 'Vecchio', 7, '', '', '2021-08-05 01:25:06'),
(88, 'Helix', 7, '', '', '2021-08-05 01:25:06'),
(89, 'Banpo', 7, '', '', '2021-08-05 01:25:06'),
(90, 'Rialto', 7, '', '', '2021-08-05 01:25:06'),
(91, 'Alcantara', 7, '', '', '2021-08-05 01:25:06'),
(92, 'Edinburgh', 8, '', '', '2021-08-05 01:25:40'),
(93, 'Alhambra', 8, '', '', '2021-08-05 01:25:40'),
(94, 'Versailles', 8, '', '', '2021-08-05 01:25:40'),
(95, 'Corvin', 8, '', '', '2021-08-05 01:25:40'),
(96, 'Marbork', 8, '', '', '2021-08-05 01:25:40'),
(97, 'Praha', 8, '', '', '2021-08-05 01:25:41'),
(98, 'Eltz', 8, '', '', '2021-08-05 01:25:41'),
(99, 'Erasmus', 8, '', '', '2021-08-05 01:25:41'),
(100, 'Belcourt', 8, '', '', '2021-08-05 01:25:41'),
(101, 'Franklin', 8, '', '', '2021-08-05 01:25:41'),
(102, 'Alnwick', 8, '', '', '2021-08-05 01:25:41'),
(103, 'Bamburg', 8, '', '', '2021-08-05 01:25:41'),
(104, 'Leeds', 8, '', '', '2021-08-05 01:25:41'),
(105, 'Mahakam', 9, '', '', '2021-08-05 01:26:18'),
(106, 'Musi', 9, '', '', '2021-08-05 01:26:18'),
(107, 'Kapuas', 9, '', '', '2021-08-05 01:26:18'),
(108, 'Barito', 9, '', '', '2021-08-05 01:26:18'),
(109, 'Saint Croix', 9, '', '', '2021-08-05 01:26:18'),
(110, 'Yangtze', 9, '', '', '2021-08-05 01:26:18'),
(111, 'Amazon', 9, '', '', '2021-08-05 01:26:18'),
(112, 'Indigirka', 9, '', '', '2021-08-05 01:26:18'),
(113, 'Cimarron', 9, '', '', '2021-08-05 01:26:18'),
(114, 'Guavire', 9, '', '', '2021-08-05 01:26:18'),
(115, 'Chindwin', 9, '', '', '2021-08-05 01:26:18'),
(116, 'Vyatka', 9, '', '', '2021-08-05 01:26:18'),
(117, 'Mississippi', 9, '', '', '2021-08-05 01:26:18'),
(118, 'Bondi', 10, '', '', '2021-08-05 01:26:58'),
(119, 'Navagio', 10, '', '', '2021-08-05 01:26:58'),
(120, 'Kuta', 10, '', '', '2021-08-05 01:26:58'),
(121, 'Santolo', 10, '', '', '2021-08-05 01:26:58'),
(122, 'Cas Abao', 10, '', '', '2021-08-05 01:26:58'),
(123, 'Piscinas', 10, '', '', '2021-08-05 01:26:58'),
(124, 'Aututaki', 10, '', '', '2021-08-05 01:26:58'),
(125, 'Carmel', 10, '', '', '2021-08-05 01:26:58'),
(126, 'Corniche', 10, '', '', '2021-08-05 01:26:58'),
(127, 'Ipanema', 10, '', '', '2021-08-05 01:26:58'),
(128, 'Waikiki', 10, '', '', '2021-08-05 01:26:58'),
(129, 'Natadola', 10, '', '', '2021-08-05 01:26:58'),
(130, 'Derawan', 10, '', '', '2021-08-05 01:26:58'),
(131, 'Antartika', 11, '', '', '2021-08-05 01:27:59'),
(132, 'Atlantik', 11, '', '', '2021-08-05 01:27:59'),
(133, 'Hindia', 11, '', '', '2021-08-05 01:27:59'),
(134, 'Pasifik', 11, '', '', '2021-08-05 01:27:59'),
(135, 'Arktik', 11, '', '', '2021-08-05 01:27:59'),
(136, 'Mediterania', 11, '', '', '2021-08-05 01:27:59'),
(137, 'Karibia', 11, '', '', '2021-08-05 01:27:59'),
(138, 'Andaman', 11, '', '', '2021-08-05 01:27:59'),
(139, 'Kaspia', 11, '', '', '2021-08-05 01:27:59'),
(140, 'Arafura', 11, '', '', '2021-08-05 01:27:59'),
(141, 'Siberia', 11, '', '', '2021-08-05 01:27:59'),
(142, 'Aegea', 11, '', '', '2021-08-05 01:27:59'),
(143, 'Adriatik', 11, '', '', '2021-08-05 01:27:59'),
(144, 'Dover', 12, '', '', '2021-08-05 01:28:27'),
(145, 'Luzon', 12, '', '', '2021-08-05 01:28:27'),
(146, 'Martinik', 12, '', '', '2021-08-05 01:28:27'),
(147, 'Malaka', 12, '', '', '2021-08-05 01:28:27'),
(148, 'Karimata', 12, '', '', '2021-08-05 01:28:27'),
(149, 'Sumba', 12, '', '', '2021-08-05 01:28:27'),
(150, 'Buton', 12, '', '', '2021-08-05 01:28:27'),
(151, 'Haruku', 12, '', '', '2021-08-05 01:28:27'),
(152, 'Hormus', 12, '', '', '2021-08-05 01:28:27'),
(153, 'Alor', 12, '', '', '2021-08-05 01:28:27'),
(154, 'Gibraltar', 12, '', '', '2021-08-05 01:28:27'),
(155, 'Torres', 12, '', '', '2021-08-05 01:28:27'),
(156, 'Surigao', 12, '', '', '2021-08-05 01:28:27'),
(157, 'Mariana', 13, '', '', '2021-08-05 01:28:58'),
(158, 'Manila', 13, '', '', '2021-08-05 01:28:58'),
(159, 'Cedros', 13, '', '', '2021-08-05 01:28:59'),
(160, 'Aleutin', 13, '', '', '2021-08-05 01:28:59'),
(161, 'Tonga', 13, '', '', '2021-08-05 01:28:59'),
(162, 'Insular', 13, '', '', '2021-08-05 01:28:59'),
(163, 'Farallon', 13, '', '', '2021-08-05 01:28:59'),
(164, 'Tethyan', 13, '', '', '2021-08-05 01:28:59'),
(165, 'Kermadec', 13, '', '', '2021-08-05 01:28:59'),
(166, 'Diamantina', 13, '', '', '2021-08-05 01:28:59'),
(167, 'Mindanao', 13, '', '', '2021-08-05 01:28:59'),
(168, 'Weber', 13, '', '', '2021-08-05 01:28:59'),
(169, 'Cayman', 13, '', '', '2021-08-05 01:28:59'),
(170, 'Greenland', 14, '', '', '2021-08-05 01:29:26'),
(171, 'New Guinea', 14, '', '', '2021-08-05 01:29:26'),
(172, 'Borneo', 14, '', '', '2021-08-05 01:29:26'),
(173, 'Baffin', 14, '', '', '2021-08-05 01:29:26'),
(174, 'Sumatera', 14, '', '', '2021-08-05 01:29:26'),
(175, 'Hoshu', 14, '', '', '2021-08-05 01:29:26'),
(176, 'Victoria', 14, '', '', '2021-08-05 01:29:26'),
(177, 'Great Britain', 14, '', '', '2021-08-05 01:29:26'),
(178, 'Esmere', 14, '', '', '2021-08-05 01:29:26'),
(179, 'Java', 14, '', '', '2021-08-05 01:29:26'),
(180, 'Okaloosa', 14, '', '', '2021-08-05 01:29:26'),
(181, 'Newfoundiand', 14, '', '', '2021-08-05 01:29:26'),
(182, 'Iceland', 14, '', '', '2021-08-05 01:29:26'),
(183, 'Gondwana', 15, '', '', '2021-08-05 01:30:04'),
(184, 'Pangea', 15, '', '', '2021-08-05 01:30:04'),
(185, 'Selandia', 15, '', '', '2021-08-05 01:30:04'),
(186, 'Jan Mayen', 15, '', '', '2021-08-05 01:30:04'),
(187, 'Mauritia', 15, '', '', '2021-08-05 01:30:04'),
(188, 'Gulden Draak', 15, '', '', '2021-08-05 01:30:04'),
(189, 'Asia', 15, '', '', '2021-08-05 01:30:04'),
(190, 'Afrika', 15, '', '', '2021-08-05 01:30:04'),
(191, 'Amerika', 15, '', '', '2021-08-05 01:30:04'),
(192, 'Eropa', 15, '', '', '2021-08-05 01:30:04'),
(193, 'Australia', 15, '', '', '2021-08-05 01:30:05'),
(194, 'Tasman', 15, '', '', '2021-08-05 01:30:05'),
(195, 'Madagaskar', 15, '', '', '2021-08-05 01:30:05'),
(196, 'Aurora', 16, '', '', '2021-08-05 01:34:17'),
(197, 'Chromatic', 16, '', '', '2021-08-05 01:34:17'),
(198, 'Eclipse', 16, '', '', '2021-08-05 01:34:17'),
(199, 'Supermoon', 16, '', '', '2021-08-05 01:34:17'),
(200, 'Eta Aquarid', 16, '', '', '2021-08-05 01:34:17'),
(201, 'Catatumbo', 16, '', '', '2021-08-05 01:34:17'),
(202, 'Light Pillars', 16, '', '', '2021-08-05 01:34:17'),
(203, 'Bioluminescenes', 16, '', '', '2021-08-05 01:34:17'),
(204, 'Sengkayan', 16, '', '', '2021-08-05 01:34:17'),
(205, 'Methan Bubble', 16, '', '', '2021-08-05 01:34:17'),
(206, 'Frosted Flowers', 16, '', '', '2021-08-05 01:34:17'),
(207, 'Mammatus', 16, '', '', '2021-08-05 01:34:17'),
(208, 'Brinicle', 16, '', '', '2021-08-05 01:34:17'),
(209, 'Grand Canyon', 17, '', '', '2021-08-05 01:35:22'),
(210, 'Piramida', 17, '', '', '2021-08-05 01:35:23'),
(211, 'Coloseum', 17, '', '', '2021-08-05 01:35:23'),
(212, 'Borobudur', 17, '', '', '2021-08-05 01:35:23'),
(213, 'Stonehenge', 17, '', '', '2021-08-05 01:35:23'),
(214, 'Catacombs', 17, '', '', '2021-08-05 01:35:23'),
(215, 'Pisa', 17, '', '', '2021-08-05 01:35:23'),
(216, 'Angkor Wat', 17, '', '', '2021-08-05 01:35:23'),
(217, 'Galapagos', 17, '', '', '2021-08-05 01:35:23'),
(218, 'Taj Mahal', 17, '', '', '2021-08-05 01:35:23'),
(219, 'Hagia', 17, '', '', '2021-08-05 01:35:23'),
(220, 'Tian Tan', 17, '', '', '2021-08-05 01:35:23'),
(221, 'Potala', 17, '', '', '2021-08-05 01:35:23'),
(222, 'Altocumulus', 18, '', '', '2021-08-05 01:35:49'),
(223, 'Cirrus', 18, '', '', '2021-08-05 01:35:49'),
(224, 'Cirrocumulus', 18, '', '', '2021-08-05 01:35:49'),
(225, 'Cirrostratus', 18, '', '', '2021-08-05 01:35:49'),
(226, 'Altostratus', 18, '', '', '2021-08-05 01:35:49'),
(227, 'Nimbostratus', 18, '', '', '2021-08-05 01:35:49'),
(228, 'Stratus', 18, '', '', '2021-08-05 01:35:49'),
(229, 'Cumulus', 18, '', '', '2021-08-05 01:35:49'),
(230, 'Cumulonimbus', 18, '', '', '2021-08-05 01:35:49'),
(231, 'Contrail', 18, '', '', '2021-08-05 01:35:49'),
(232, 'Lenticular', 18, '', '', '2021-08-05 01:35:49'),
(233, 'Floccus', 18, '', '', '2021-08-05 01:35:49'),
(234, 'Helmholtz', 18, '', '', '2021-08-05 01:35:49'),
(235, 'Mars', 19, '', '', '2021-08-05 01:38:26'),
(236, 'Jupiter', 19, '', '', '2021-08-05 01:38:26'),
(237, 'Venus', 19, '', '', '2021-08-05 01:38:26'),
(238, 'Merkurius', 19, '', '', '2021-08-05 01:38:26'),
(239, 'Uranus', 19, '', '', '2021-08-05 01:38:26'),
(240, 'Saturnus', 19, '', '', '2021-08-05 01:38:26'),
(241, 'Earth', 19, '', '', '2021-08-05 01:38:26'),
(242, 'Haumea', 19, '', '', '2021-08-05 01:38:26'),
(243, 'Eris', 19, '', '', '2021-08-05 01:38:26'),
(244, 'Neptunus', 19, '', '', '2021-08-05 01:38:26'),
(245, 'Gliese', 19, '', '', '2021-08-05 01:38:26'),
(246, 'Upsilon', 19, '', '', '2021-08-05 01:38:26'),
(247, 'Ursae', 19, '', '', '2021-08-05 01:38:26'),
(248, 'Proxima', 19, '', '', '2021-08-05 01:38:26'),
(249, 'Amalthea', 20, '', '', '2021-08-05 01:38:49'),
(250, 'Adrastea', 20, '', '', '2021-08-05 01:38:49'),
(251, 'Eirene', 20, '', '', '2021-08-05 01:38:49'),
(252, 'Erinome', 20, '', '', '2021-08-05 01:38:49'),
(253, 'Harpalyke', 20, '', '', '2021-08-05 01:38:49'),
(254, 'Lippostar', 20, '', '', '2021-08-05 01:38:49'),
(255, 'Asgardoa', 20, '', '', '2021-08-05 01:38:49'),
(256, 'Azerspace', 20, '', '', '2021-08-05 01:38:49'),
(257, 'Calypso', 20, '', '', '2021-08-05 01:38:49'),
(258, 'Deimos', 20, '', '', '2021-08-05 01:38:49'),
(259, 'Galilea', 20, '', '', '2021-08-05 01:38:49'),
(260, 'Mazaalai', 20, '', '', '2021-08-05 01:38:49'),
(261, 'Hyperion', 20, '', '', '2021-08-05 01:38:49'),
(262, 'Fenrir', 20, '', '', '2021-08-05 01:38:49'),
(263, 'Ursula', 21, '', '', '2021-08-05 01:39:21'),
(264, 'Hathor', 21, '', '', '2021-08-05 01:39:22'),
(265, 'Hygiea', 21, '', '', '2021-08-05 01:39:22'),
(266, 'Interamnia', 21, '', '', '2021-08-05 01:39:22'),
(267, 'Davida', 21, '', '', '2021-08-05 01:39:22'),
(268, 'Sylvia', 21, '', '', '2021-08-05 01:39:22'),
(269, 'Cybele', 21, '', '', '2021-08-05 01:39:22'),
(270, 'Diotima', 21, '', '', '2021-08-05 01:39:22'),
(271, 'Thisbe', 21, '', '', '2021-08-05 01:39:22'),
(272, 'Cleopatra', 21, '', '', '2021-08-05 01:39:22'),
(273, 'Palma', 21, '', '', '2021-08-05 01:39:22'),
(274, 'Icarus', 21, '', '', '2021-08-05 01:39:22'),
(275, 'Hebe', 21, '', '', '2021-08-05 01:39:22'),
(276, 'Ixion', 21, '', '', '2021-08-05 01:39:22'),
(277, 'Leonid', 22, '', '', '2021-08-05 01:39:40'),
(278, 'Lyrids', 22, '', '', '2021-08-05 01:39:40'),
(279, 'Aquarids', 22, '', '', '2021-08-05 01:39:40'),
(280, 'Willamette', 22, '', '', '2021-08-05 01:39:40'),
(281, 'Cape York', 22, '', '', '2021-08-05 01:39:40'),
(282, 'Mbozi', 22, '', '', '2021-08-05 01:39:40'),
(283, 'Hoba', 22, '', '', '2021-08-05 01:39:40'),
(284, 'Varuna', 22, '', '', '2021-08-05 01:39:40'),
(285, 'Toutatis', 22, '', '', '2021-08-05 01:39:40'),
(286, 'Pallas', 22, '', '', '2021-08-05 01:39:40'),
(287, 'Apophis', 22, '', '', '2021-08-05 01:39:40'),
(288, 'Themis', 22, '', '', '2021-08-05 01:39:40'),
(289, 'Hektor', 22, '', '', '2021-08-05 01:39:40'),
(290, 'Vesta', 22, '', '', '2021-08-05 01:39:40'),
(291, 'Castor', 23, '', '', '2021-08-05 01:39:58'),
(292, 'Orion', 23, '', '', '2021-08-05 01:39:58'),
(293, 'Perseus', 23, '', '', '2021-08-05 01:39:58'),
(294, 'Archer', 23, '', '', '2021-08-05 01:39:58'),
(295, 'Triton', 23, '', '', '2021-08-05 01:39:58'),
(296, 'Alioth', 23, '', '', '2021-08-05 01:39:59'),
(297, 'Atlas', 23, '', '', '2021-08-05 01:39:59'),
(298, 'Columba', 23, '', '', '2021-08-05 01:39:59'),
(299, 'Rigel', 23, '', '', '2021-08-05 01:39:59'),
(300, 'Hercules', 23, '', '', '2021-08-05 01:39:59'),
(301, 'Aster', 23, '', '', '2021-08-05 01:39:59'),
(302, 'Nash', 23, '', '', '2021-08-05 01:39:59'),
(303, 'Aquila', 23, '', '', '2021-08-05 01:39:59'),
(304, 'Cassiopeia', 23, '', '', '2021-08-05 01:39:59'),
(305, 'Polaris', 24, '', '', '2021-08-05 01:40:19'),
(306, 'Sirius', 24, '', '', '2021-08-05 01:40:19'),
(307, 'Alnair', 24, '', '', '2021-08-05 01:40:19'),
(308, 'Ankaa', 24, '', '', '2021-08-05 01:40:19'),
(309, 'Arcturus', 24, '', '', '2021-08-05 01:40:19'),
(310, 'Procyon', 24, '', '', '2021-08-05 01:40:19'),
(311, 'Pleiades', 24, '', '', '2021-08-05 01:40:19'),
(312, 'Antares', 24, '', '', '2021-08-05 01:40:19'),
(313, 'Betelgeuse', 24, '', '', '2021-08-05 01:40:19'),
(314, 'Vega', 24, '', '', '2021-08-05 01:40:19'),
(315, 'Pollux', 24, '', '', '2021-08-05 01:40:19'),
(316, 'Capella', 24, '', '', '2021-08-05 01:40:20'),
(317, 'Formalhaut', 24, '', '', '2021-08-05 01:40:20'),
(318, 'Mimosa', 24, '', '', '2021-08-05 01:40:20'),
(319, 'Arend-Roland', 25, '', '', '2021-08-05 01:40:40'),
(320, 'Maikos', 25, '', '', '2021-08-05 01:40:40'),
(321, 'Levy', 25, '', '', '2021-08-05 01:40:40'),
(322, 'Hallet', 25, '', '', '2021-08-05 01:40:40'),
(323, 'Hale-Bop', 25, '', '', '2021-08-05 01:40:40'),
(324, 'Hartley', 25, '', '', '2021-08-05 01:40:40'),
(325, 'Holmes', 25, '', '', '2021-08-05 01:40:41'),
(326, 'Kopff', 25, '', '', '2021-08-05 01:40:41'),
(327, 'Brooks', 25, '', '', '2021-08-05 01:40:41'),
(328, 'Ikeya-seki', 25, '', '', '2021-08-05 01:40:41'),
(329, 'Swan', 25, '', '', '2021-08-05 01:40:41'),
(330, 'Bennett', 25, '', '', '2021-08-05 01:40:41'),
(331, 'Mellish', 25, '', '', '2021-08-05 01:40:41'),
(332, 'Borisov', 25, '', '', '2021-08-05 01:40:41'),
(333, 'Andromeda', 26, '', '', '2021-08-05 01:41:03'),
(334, 'Tadpole', 26, '', '', '2021-08-05 01:41:03'),
(335, 'Sombrero', 26, '', '', '2021-08-05 01:41:03'),
(336, 'Whirlpool', 26, '', '', '2021-08-05 01:41:03'),
(337, 'Magellan', 26, '', '', '2021-08-05 01:41:03'),
(338, 'Cigar', 26, '', '', '2021-08-05 01:41:03'),
(339, 'Centaurus', 26, '', '', '2021-08-05 01:41:03'),
(340, 'Antennae', 26, '', '', '2021-08-05 01:41:03'),
(341, 'Circinus', 26, '', '', '2021-08-05 01:41:03'),
(342, 'Milky way', 26, '', '', '2021-08-05 01:41:03'),
(343, 'Messier', 26, '', '', '2021-08-05 01:41:03'),
(344, 'Elliptical', 26, '', '', '2021-08-05 01:41:03'),
(345, 'Pegasus', 26, '', '', '2021-08-05 01:41:03'),
(346, 'Fornax', 26, '', '', '2021-08-05 01:41:03'),
(347, 'Kosmos', 27, '', '', '2021-08-05 01:41:28'),
(348, 'Ceilo', 27, '', '', '2021-08-05 01:41:28'),
(349, 'Zenith', 27, '', '', '2021-08-05 01:41:28'),
(350, 'Vulcan', 27, '', '', '2021-08-05 01:41:28'),
(351, 'Oberon', 27, '', '', '2021-08-05 01:41:28'),
(352, 'Yerikho', 27, '', '', '2021-08-05 01:41:28'),
(353, 'Aerglo', 27, '', '', '2021-08-05 01:41:28'),
(354, 'Apollo', 27, '', '', '2021-08-05 01:41:28'),
(355, 'Saros', 27, '', '', '2021-08-05 01:41:28'),
(356, 'Phoebus', 27, '', '', '2021-08-05 01:41:28'),
(357, 'Orbit', 27, '', '', '2021-08-05 01:41:28'),
(358, 'Van Allen', 27, '', '', '2021-08-05 01:41:28'),
(359, 'Supernova', 27, '', '', '2021-08-05 01:41:28'),
(360, 'Interstellar', 27, '', '', '2021-08-05 01:41:28');

--
-- Dumping data for table `tbrundown`
--

INSERT INTO `tbrundown` (`idRundown`, `nama`, `jam`, `hasLink`, `dateUse`, `dateCreate`) VALUES
(1, 'Pengkondisian (Absensi)', '00:07:15', 'Tidak', '2021-08-14', '2021-08-05'),
(2, 'Pembukaan MC', '00:07:30', 'Tidak', '2021-08-14', '2021-08-05'),
(3, 'Mendengarkan Lagu Indonesia Raya dan Hymne ITS', '00:07:47', 'Tidak', '2021-08-14', '2021-08-05'),
(4, 'Pemutaran Video SOP', '00:07:57', 'Tidak', '2021-08-14', '2021-08-05'),
(5, 'Sambutan', '00:08:04', 'Tidak', '2021-08-14', '2021-08-05'),
(6, 'Opening Ceremony GERIGI ITS 2021', '00:08:35', 'Tidak', '2021-08-14', '2021-08-05'),
(7, 'Parade Integralistik', '00:08:40', 'Tidak', '2021-08-14', '2021-08-05'),
(8, 'Sesi Interaksi 1', '00:09:00', 'Ya', '2021-08-14', '2021-08-05'),
(9, 'Materi 1', '00:09:18', 'Ya', '2021-08-14', '2021-08-05'),
(10, 'Materi 2', '00:10:38', 'Ya', '2021-08-14', '2021-08-05'),
(11, 'Sesi Interaksi 2', '00:11:33', 'Ya', '2021-08-14', '2021-08-05'),
(12, 'ISHOMA', '00:11:51', 'Tidak', '2021-08-14', '2021-08-05'),
(13, 'Pengondisian (Cek Kehadiran)', '00:13:06', 'Tidak', '2021-08-14', '2021-08-05'),
(14, 'Materi 3', '00:13:36', 'Ya', '2021-08-14', '2021-08-05'),
(15, 'Penutupan', '00:14:55', 'Tidak', '2021-08-14', '2021-08-05'),
(16, 'Pengkondisian (Absensi)', '00:07:15', 'Tidak', '2021-08-15', '2021-08-05'),
(17, 'Pembukaan MC', '00:07:30', 'Tidak', '2021-08-15', '2021-08-05'),
(18, 'Mendengarkan Lagu Indonesia Raya dan Hymne ITS', '00:07:35', 'Tidak', '2021-08-15', '2021-08-05'),
(19, 'Materi 4', '00:07:55', 'Ya', '2021-08-15', '2021-08-05'),
(20, 'Materi 5', '00:09:08', 'Ya', '2021-08-15', '2021-08-05'),
(21, 'Materi 6', '00:10:48', 'Ya', '2021-08-15', '2021-08-05'),
(22, 'Sesi Interaksi 3', '00:11:53', 'Ya', '2021-08-15', '2021-08-05'),
(23, 'ISHOMA', '00:11:58', 'Tidak', '2021-08-15', '2021-08-05'),
(24, 'Pengondisian (Cek Kehadiran)', '00:13:13', 'Tidak', '2021-08-15', '2021-08-05'),
(25, 'Materi 7', '00:13:25', 'Ya', '2021-08-15', '2021-08-05'),
(26, 'Penutupan', '00:15:10', 'Tidak', '2021-08-15', '2021-08-05'),
(27, 'Pengkondisian (Absensi)', '00:07:15', 'Tidak', '2021-08-16', '2021-08-05'),
(28, 'Pembukaan MC', '00:07:30', 'Tidak', '2021-08-16', '2021-08-05'),
(29, 'Mendengarkan Lagu Indonesia Raya dan Hymne ITS', '00:07:35', 'Tidak', '2021-08-16', '2021-08-05'),
(30, 'Materi 8', '00:07:53', 'Ya', '2021-08-16', '2021-08-05'),
(31, 'Materi 9', '00:09:21', 'Ya', '2021-08-16', '2021-08-05'),
(32, 'Materi 10', '00:10:51', 'Ya', '2021-08-16', '2021-08-05'),
(33, 'ISHOMA', '00:11:51', 'Tidak', '2021-08-16', '2021-08-05'),
(34, 'Materi 11', '00:12:36', 'Ya', '2021-08-16', '2021-08-05'),
(35, 'Materi 12', '00:13:14', 'Ya', '2021-08-16', '2021-08-05'),
(36, 'Closing Ceremony GERIGI ITS 2021', '00:14:16', 'Tidak', '2021-08-16', '2021-08-05'),
(37, 'Penutupan', '00:14:46', 'Tidak', '2021-08-16', '2021-08-05');
COMMIT;

/*!40101 SET CHARACTER_SET_CLIENT=@OLD_CHARACTER_SET_CLIENT */;
/*!40101 SET CHARACTER_SET_RESULTS=@OLD_CHARACTER_SET_RESULTS */;
/*!40101 SET COLLATION_CONNECTION=@OLD_COLLATION_CONNECTION */;
